insert into fornecedor (nome, endereco, email, telefone) values
	('AgroNordeste Sementes', 'Rua da Produção, 120 - Recife', 'contato@agronordeste.com', '(81) 3344-1122'),
	('Sementes Vale Verde', 'Av. Brasil, 455 - Carpina', 'vendas@valeverde.com', '(81) 99123-4411'),
	('AgroFort Distribuidora', 'Rua Central, 140 - Limoeiro', 'suporte@agrofort.com', '(81) 99888-5566'),
	('PlantMais Sementes', 'Av. Caetés, 200 - Nazaré da Mata', 'comercial@plantmais.com', '(81) 98822-3300'),
	('SemeArt Agro', 'Rua São Paulo, 455 - Vitória', 'atendimento@semeart.com', '(81) 98711-9080'),
	('GerminaTech', 'Rua Nova, 156 - Caruaru', 'info@germinatech.com', '(81) 99944-1230'),
	('AgroPernambuco', 'Av. Agreste, 540 - Surubim', 'agro@pernambuco.com', '(81) 98877-5521'),
	('Sertão Sementes', 'Rua Projetada, 90 - Serra Talhada', 'contato@sertao.com', '(81) 99812-3490'),
	('Nordex Agro', 'Av. Recife, 660 - Recife', 'suporte@nordex.com', '(81) 98890-1002'),
	('BioSemente Nordeste', 'Rua Palmeira, 122 - Petrolina', 'bio@sementenordeste.com', '(87) 99888-2122'),
	('AgroMestre', 'Rua 7 de Setembro, 88 - Carpina', 'mestre@agro.com', '(81) 98211-6655'),
	('EcoSementes', 'Travessa Bela Vista, 12 - Olinda', 'econtato@ecos.com', '(81) 98321-4543'),
	('AgroLider', 'Rua Dom Bosco, 40 - Recife', 'lider@agro.com', '(81) 99881-2200'),
	('Nativa Sementes', 'Rua do Campo, 22 - Abreu e Lima', 'nativa@sementes.com', '(81) 98190-8877'),
	('Raiz Forte Agro', 'Estrada do Forte, 50 - Paulista', 'raiz@forte.com', '(81) 98222-7765'),
	('Campo Fértil', 'Rua Primavera, 99 - Goiana', 'fertil@campo.com', '(81) 98910-7744'),
	('Multipla Agro', 'Rua Farias, 101 - Jaboatão', 'mult@agro.com', '(81) 98411-8898'),
	('SemeMais', 'Av. Historiador, 110 - Olinda', 'seme@mais.com', '(81) 99810-6733'),
	('VerdeGran', 'Rua 13 de Maio, 44 - Paulista', 'contato@verdegran.com', '(81) 99700-9088'),
	('AgroCampo Brasil', 'Rua Imperial, 85 - Recife', 'brasil@agrocampo.com', '(81) 98700-5588'),
	('AgroVida PE', 'Rua Cajueiro, 122 - Recife', 'contato@agrovida.com', '(81) 98122-2200'),
	('SementeNorte', 'Av. Norte, 155 - Recife', 'vendas@semetenorte.com', '(81) 98777-4411'),
	('AgroFlor Distribuidora', 'Rua da Esperança, 345 - Olinda', 'suporte@agroflor.com', '(81) 99882-5566'),
	('PlanTerra Sementes', 'Av. Brasil, 800 - Goiana', 'comercial@planterra.com', '(81) 98820-3300'),
	('AgroSemea', 'Rua Santo Antônio, 230 - Paulista', 'vendas@agrosemea.com', '(81) 98710-9080');
    
insert into armazem (nome, localizacao, capacidade, responsavel) values
	('Armazém Recife 01', 'BR-101, Km 12 - Recife', 50000, 'Carlos Eduardo'),
	('Armazém Zona Norte', 'Av. Cruz Cabugá, 900 - Recife', 35000, 'Fernanda Silva'),
	('Armazém Carpina', 'Rodovia PE-90 - Carpina', 45000, 'Ronaldo Gomes'),
	('Armazém Petrolina', 'Av. Sete de Setembro - Petrolina', 60000, 'Juliana Melo'),
	('Armazém Serra Talhada', 'Estrada Velha - Serra Talhada', 30000, 'Francisco Junior'),
	('Armazém Goiana', 'PE-75, Km 8 - Goiana', 40000, 'Amanda Souza'),
	('Armazém Caruaru', 'BR-104 - Caruaru', 55000, 'João Batista'),
	('Armazém Vitória', 'PE-50 - Vitória', 38000, 'Patrícia Lima'),
	('Armazém Limoeiro', 'PE-50 - Limoeiro', 25000, 'Rafael Torres'),
	('Armazém Paulista', 'Av. Brasil - Paulista', 30000, 'Eduarda Reis'),
	('Armazém Olinda', 'Travessa Alto da Sé - Olinda', 20000, 'Thiago André'),
	('Armazém Surubim', 'PE-90 - Surubim', 34000, 'Fábio Moura'),
	('Armazém Abreu e Lima', 'BR-101 - Abreu e Lima', 28000, 'Sérgio Barros'),
	('Armazém Escada', 'BR-101 - Escada', 32000, 'Monique Ramos'),
	('Armazém Jaboatão', 'BR-232 - Jaboatão', 54000, 'Luciana Torres'),
	('Armazém Moreno', 'PE-07 - Moreno', 15000, 'Pedro Henrique'),
	('Armazém Ipojuca', 'Complexo Suape - Ipojuca', 70000, 'Roberto Alves'),
	('Armazém Cabo', 'BR-101 - Cabo', 26000, 'Cristiane Maia'),
	('Armazém Nazaré', 'PE-62 - Nazaré da Mata', 22000, 'Henrique Silva'),
	('Armazém Palmares', 'BR-101 - Palmares', 24000, 'Aline Batista'),
	('Armazém Arcoverde', 'BR-232 - Arcoverde', 20000, 'João Victor'),
	('Armazém Pesqueira', 'Av. Central - Pesqueira', 30000, 'André Fernandes'),
	('Armazém Santa Cruz', 'BR-104 - Santa Cruz', 35000, 'Luana Reis'),
	('Armazém Bezerros', 'Rua do Sol - Bezerros', 18000, 'Karen Souza'),
	('Armazém Gravatá', 'Av. Ipiranga - Gravatá', 22000, 'Victor Hugo');
    
insert into funcionario (cpf, nome, email, senha, telefone, cargo) values
	('123.456.789-90', 'Ana Barbosa', 'ana.barbosa2@ipa.pe.gov', 'senha123', '(81) 98877-1111', 'Gerente'),
	('321.654.987-02', 'Carlos Silva', 'carlos.silva@ipa.pe.gov', 'senha123', '(81) 98877-2222', 'Analista'),
	('111.222.333-44', 'Marcos Paulo', 'marcos.paulo@ipa.pe.gov', 'senha123', '(81) 98877-3333', 'Assistente'),
	('555.666.777-88', 'Juliana Gomes', 'juliana.gomes@ipa.pe.gov', 'senha123', '(81) 98877-4444', 'Supervisor'),
	('999.888.777-67', 'Fernanda Soares', 'fernanda.soares@ipa.pe.gov', 'senha123', '(81) 98877-5555', 'Coordenadora'),
	('444.555.666-78', 'Paulo Ferreira', 'paulo.ferreira@ipa.pe.gov', 'senha123', '(81) 98877-6666', 'Gerente'),
	('222.333.444-56', 'Rita Andrade', 'rita.andrade@ipa.pe.gov', 'senha123', '(81) 98877-7777', 'Analista'),
	('888.777.666-57', 'Hugo Martins', 'hugo.martins@ipa.pe.gov', 'senha123', '(81) 98877-8888', 'Auxiliar'),
	('101.202.303-41', 'Beatriz Castro', 'beatriz.castro@ipa.pe.gov', 'senha123', '(81) 98877-9999', 'Supervisora'),
	('909.808.707-61', 'Tiago Santos', 'tiago.santos@ipa.pe.gov', 'senha123', '(81) 98877-1010', 'Analista'),
	('606.505.404-31', 'Letícia Araújo', 'leticia.araujo@ipa.pe.gov', 'senha123', '(81) 98877-2020', 'Coordenadora'),
	('303.202.101-98', 'Victor Lima', 'victor.lima@ipa.pe.gov', 'senha123', '(81) 98877-3030', 'Gerente'),
	('212.454.878-11', 'Mirella Souza', 'mirella.souza@ipa.pe.gov', 'senha123', '(81) 98877-4040', 'Analista'),
	('898.787.676-57', 'Camila Torres', 'camila.torres@ipa.pe.gov', 'senha123', '(81) 98877-5050', 'Assistente'),
	('565.474.383-23', 'Eduardo Nunes', 'eduardo.nunes@ipa.pe.gov', 'senha123', '(81) 98877-6060', 'Gerente'),
	('121.212.121-13', 'João Henrique', 'joao.henrique@ipa.pe.gov', 'senha123', '(81) 98877-7070', 'Supervisor'),
	('343.545.676-34', 'Amanda Ribeiro', 'amanda.ribeiro@ipa.pe.gov', 'senha123', '(81) 98877-8080', 'Auxiliar'),
	('989.898.898-99', 'Nathalia Costa', 'nathalia.costa@ipa.pe.gov', 'senha123', '(81) 98877-9090', 'Analista'),
	('787.676.565-55', 'Roberto Carlos', 'roberto.carlos@ipa.pe.gov', 'senha123', '(81) 98877-0000', 'Assistente'),
	('111.444.777-98', 'Isabela Moura', 'isabela.moura@ipa.pe.gov', 'senha123', '(81) 98877-1122', 'Coordenadora'),
	('789.456.123-01', 'Bruno Araújo', 'bruno.araujo@ipa.pe.gov', 'senha123', '(81) 98710-1010', 'Supervisor'),
	('654.987.321-12', 'Larissa Mendes', 'larissa.mendes@ipa.pe.gov', 'senha123', '(81) 98720-2020', 'Analista'),
	('321.789.654-23', 'Renato Brito', 'renato.brito@ipa.pe.gov', 'senha123', '(81) 98730-3030', 'Coordenador'),
	('852.456.159-34', 'Daniela Cruz', 'daniela.cruz@ipa.pe.gov', 'senha123', '(81) 98740-4040', 'Auxiliar'),
	('753.159.456-45', 'André Felipe', 'andre.felipe@ipa.pe.gov', 'senha123', '(81) 98750-5050', 'Gerente'),
	('123.111.222-33', 'Marina Albuquerque', 'marina.albuquerque@ipa.pe.gov', 'senha123', '(81) 98800-1111', 'Analista'),
	('987.654.321-10', 'Rogério Batista', 'rogerio.batista@ipa.pe.gov', 'senha123', '(81) 98800-2222', 'Gerente'),
	('456.789.123-56', 'Patrícia Lima', 'patricia.lima@ipa.pe.gov', 'senha123', '(81) 98800-3333', 'Assistente'),
	('741.852.963-45', 'Júlio Cesar', 'julio.cesar@ipa.pe.gov', 'senha123', '(81) 98800-4444', 'Supervisor'),
	('159.357.258-67', 'Sabrina Torres', 'sabrina.torres@ipa.pe.gov', 'senha123', '(81) 98800-5555', 'Coordenadora');

insert into lote (id_fornecedor, numero_lote, tipo_semente, variedade, data_compra, validade, quantidade_total) values
	(1, 'L001', 'Milho', 'Híbrido 30F53', '2024-01-10', '2025-12-31', 5000),
	(2, 'L002', 'Feijão', 'Carioca', '2024-01-15', '2025-10-10', 3200),
	(3, 'L003', 'Arroz', 'Agulhinha', '2024-02-02', '2025-08-20', 4000),
	(4, 'L004', 'Milho', 'BR106', '2024-02-11', '2025-09-30', 2500),
	(5, 'L005', 'Sorgo', 'Volumoso', '2024-02-18', '2025-07-15', 1800),
	(6, 'L006', 'Arroz', 'Cateto', '2024-03-01', '2025-10-05', 3600),
	(7, 'L007', 'Trigo', 'BRS264', '2024-03-10', '2025-11-22', 2900),
	(8, 'L008', 'Feijão', 'Preto', '2024-03-15', '2025-08-10', 3500),
	(9, 'L009', 'Milho', 'AG1051', '2024-03-20', '2025-09-05', 2800),
	(10, 'L010', 'Sorgo', 'Forrageiro', '2024-03-25', '2025-07-19', 2600),
	(11, 'L011', 'Feijão', 'Macassar', '2024-04-01', '2025-06-05', 3400),
	(12, 'L012', 'Milho', 'Híbrido 2A', '2024-04-10', '2025-12-01', 4000),
	(13, 'L013', 'Arroz', 'Branco Longo', '2024-04-15', '2025-10-20', 3900),
	(14, 'L014', 'Milho', 'Var. Sertão', '2024-05-01', '2025-09-30', 2200),
	(15, 'L015', 'Sorgo', 'Bravo', '2024-05-05', '2025-08-08', 2100),
	(16, 'L016', 'Feijão', 'Mulatinho', '2024-05-10', '2025-07-25', 3000),
	(17, 'L017', 'Arroz', 'Parboilizado', '2024-05-12', '2025-11-11', 3100),
	(18, 'L018', 'Trigo', 'Premium', '2024-05-14', '2025-12-21', 3500),
	(19, 'L019', 'Milho', 'Caatinga 12', '2024-05-20', '2025-11-17', 2700),
	(20, 'L020', 'Feijão', 'Carioca Ouro', '2024-05-22', '2025-10-14', 3300),
	(21, 'L021', 'Sorgo', 'Bicolor', '2024-06-01', '2025-11-12', 2400),
	(22, 'L022', 'Milho', 'BRS3046', '2024-06-10', '2025-10-10', 3100),
	(23, 'L023', 'Feijão', 'Andu', '2024-06-15', '2025-09-09', 2900),
	(24, 'L024', 'Arroz', 'Agulha Premium', '2024-06-20', '2025-11-30', 3700),
	(25, 'L025', 'Trigo', 'Fino', '2024-06-25', '2025-12-25', 2800),
	(26, 'L026', 'Sorgo', 'Vermelho', '2024-07-02', '2025-09-28', 2500),
	(27, 'L027', 'Feijão', 'Preto Nobre', '2024-07-05', '2025-10-26', 3200),
	(28, 'L028', 'Arroz', 'Integral', '2024-07-07', '2025-12-19', 3900),
	(29, 'L029', 'Milho', 'BR202', '2024-07-10', '2025-11-05', 2400),
	(30, 'L030', 'Feijão', 'Jalo', '2024-07-12', '2025-09-29', 2950);
    

insert into estoque (id_lote, id_armazem, quantidade) values
	(1, 1, 800),
	(2, 3, 700),
	(3, 5, 900),
	(4, 2, 600),
	(5, 4, 500),
	(6, 6, 1100),
	(7, 7, 950),
	(8, 8, 720),
	(9, 9, 880),
	(10, 10, 760),
	(11, 11, 600),
	(12, 12, 850),
	(13, 13, 700),
	(14, 14, 540),
	(15, 15, 650),
	(16, 16, 780),
	(17, 17, 820),
	(18, 18, 900),
	(19, 19, 770),
	(20, 20, 640),
	(21, 21, 700),
	(22, 22, 950),
	(23, 23, 800),
	(24, 24, 880),
	(25, 25, 720),
	(26, 26, 660),
	(27, 27, 780),
	(28, 28, 940),
	(29, 29, 600),
	(30, 30, 830);
    
insert into movimentacao (id_estoque, tipo, quantidade, motivo) values
	(1, 'entrada', 300, 'Reposição de estoque'),
	(2, 'entrada', 200, 'Compra fornecedor'),
	(3, 'entrada', 150, 'Ajuste de inventário'),
	(4, 'entrada', 400, 'Entrega atrasada do fornecedor'),
	(5, 'entrada', 250, 'Reposição programada'),
	(6, 'entrada', 500, 'Estoque de segurança'),
	(7, 'entrada', 350, 'Compra adicional'),
	(8, 'entrada', 320, 'Reposição'),
	(9, 'entrada', 280, 'Entrada sistema'),
	(10, 'entrada', 200, 'Compra'),
	(11, 'entrada', 300, 'Reposição central'),
	(12, 'entrada', 250, 'Entrada agendada'),
	(13, 'entrada', 180, 'Compra'),
	(14, 'entrada', 260, 'Reposição'),
	(15, 'entrada', 240, 'Entrega fornecedor'),

	(16, 'saida', 200, 'Entrega a agricultor'),
	(17, 'saida', 150, 'Transferência interna'),
	(18, 'saida', 180, 'Distribuição regional'),
	(19, 'saida', 220, 'Ação emergencial'),
	(20, 'saida', 300, 'Pedido autorizado'),
	(21, 'saida', 160, 'Distribuição'),
	(22, 'saida', 140, 'Baixa de estoque'),
	(23, 'saida', 190, 'Remanejamento'),
	(24, 'saida', 210, 'Entrega a polo rural'),
	(25, 'saida', 170, 'Baixa operacional'),
	(26, 'saida', 200, 'Transferência'),
	(27, 'saida', 300, 'Entrega oficial'),
	(28, 'saida', 260, 'Baixa'),
	(29, 'saida', 250, 'Distribuição especial'),
	(30, 'saida', 230, 'Pedido interno');
    
insert into agricultor (cpf, nome, municipio, endereco, telefone) values
	('111.111.111-11', 'José Alves', 'Carpina', 'Sítio Lagoa Verde', '(81) 99811-1001'),
	('222.222.222-22', 'Maria da Paz', 'Limoeiro', 'Sítio Mulungu', '(81) 99811-1002'),
	('333.333.333-33', 'Pedro Martins', 'Vicência', 'Sítio Amparo', '(81) 99811-1003'),
	('444.444.444-44', 'Ana Paula', 'Nazaré da Mata', 'Sítio Barro Preto', '(81) 99811-1004'),
	('555.555.555-55', 'Carlos Nogueira', 'Goiana', 'Sítio Cupira', '(81) 99811-1005'),
	('666.666.666-66', 'Rita Melo', 'Caruaru', 'Sítio Boa Vista', '(81) 99811-1006'),
	('777.777.777-77', 'Joaquim Ferreira', 'Paudalho', 'Sítio Alegre', '(81) 99811-1007'),
	('888.888.888-88', 'Patrícia Farias', 'Aliança', 'Sítio Araçá', '(81) 99811-1008'),
	('999.999.999-99', 'Tiago Souza', 'Surubim', 'Sítio Várzea Alegre', '(81) 99811-1009'),
	('101.010.101-01', 'Juliana Torres', 'São Vicente', 'Sítio Cajá', '(81) 99811-1010'),
	('202.020.202-02', 'Francisco Dias', 'Timbaúba', 'Sítio Onça', '(81) 99811-2020'),
	('303.030.303-03', 'Letícia Araújo', 'Machados', 'Sítio Oitizeiro', '(81) 99811-3030'),
	('404.040.404-04', 'Raimundo Melo', 'Tracunhaém', 'Sítio Melancia', '(81) 99811-4040'),
	('505.050.505-05', 'João Carlos', 'Vitória', 'Sítio Gameleira', '(81) 99811-5050'),
	('606.060.606-06', 'Amanda Lima', 'Feira Nova', 'Sítio Dois Irmãos', '(81) 99811-6060'),
	('707.070.707-07', 'Manoel Silva', 'Glória do Goitá', 'Sítio Mandacaru', '(81) 99811-7070'),
	('808.080.808-08', 'Vanessa Andrade', 'Itaquitinga', 'Sítio Mangueira', '(81) 99811-8080'),
	('909.090.909-09', 'Marcos Pontes', 'Bom Jardim', 'Sítio Cajazeiras', '(81) 99811-9090'),
	('112.233.445-56', 'Estefany Rocha', 'Orobó', 'Sítio Flores', '(81) 99811-1212'),
	('223.344.556-67', 'Davi Santos', 'Bom Jardim', 'Sítio Bela Vista', '(81) 99811-2323'),
	('334.455.667-78', 'Lucas Farias', 'Casinhas', 'Sítio Laranjeira', '(81) 99811-3434'),
	('445.566.778-89', 'Helena Castro', 'João Alfredo', 'Sítio Canaã', '(81) 99811-4545'),
	('556.677.889-90', 'Igor Matos', 'Passira', 'Sítio Vertente', '(81) 99811-5656'),
	('667.788.990-01', 'Beatriz Monteiro', 'Sairé', 'Sítio Mulungu', '(81) 99811-6767'),
	('778.899.001-12', 'Paulo Henrique', 'Gravatá', 'Sítio Serra Azul', '(81) 99811-7878'),
	('889.900.112-23', 'Aline Souza', 'Chã Grande', 'Sítio Estivas', '(81) 99811-8989'),
	('990.011.223-34', 'Gabriel Duarte', 'Jaboatão', 'Sítio Cajueiro', '(81) 99811-9091'),
	('110.220.330-40', 'Kaique Barros', 'Moreno', 'Sítio Inácio', '(81) 99811-0101'),
	('220.330.440-50', 'Larissa Tavares', 'Ipojuca', 'Sítio Carneiros', '(81) 99811-0202'),
	('330.440.550-60', 'Victor Nascimento', 'Escada', 'Sítio Horizonte', '(81) 99811-0303');
    
insert into entrega (id_agricultor, id_lote, quantidade) values
	(1, 1, 50),
	(2, 2, 40),
	(3, 3, 60),
	(4, 4, 35),
	(5, 5, 55),
	(6, 6, 45),
	(7, 7, 30),
	(8, 8, 40),
	(9, 9, 65),
	(10, 10, 50),
	(11, 11, 45),
	(12, 12, 50),
	(13, 13, 42),
	(14, 14, 55),
	(15, 15, 30),
	(16, 16, 60),
	(17, 17, 33),
	(18, 18, 48),
	(19, 19, 52),
	(20, 20, 41),
	(21, 21, 36),
	(22, 22, 57),
	(23, 23, 44),
	(24, 24, 59),
	(25, 25, 32),
	(26, 26, 43),
	(27, 27, 51),
	(28, 28, 46),
	(29, 29, 37),
	(30, 30, 54);
    
insert into alerta (id_estoque, tipo, nivel, mensagem) values
	(1, 'estoque_baixo', 'alto', 'Quantidade abaixo do mínimo'),
	(2, 'vencimento', 'medio', 'Lote próximo do vencimento'),
	(3, 'erro_sistema', 'baixo', 'Divergência de registro detectada'),
	(4, 'estoque_baixo', 'alto', 'Estoque crítico'),
	(5, 'vencimento', 'alto', 'Lote vencendo em 30 dias'),
	(6, 'estoque_baixo', 'medio', 'Estoque reduzido'),
	(7, 'vencimento', 'baixo', 'Monitorar validade'),
	(8, 'erro_sistema', 'medio', 'Falha de registro'),
	(9, 'estoque_baixo', 'baixo', 'Nível baixo identificado'),
	(10, 'vencimento', 'alto', 'Urgente: prazo curto'),
	(11, 'estoque_baixo', 'medio', 'Previsão de falta'),
	(12, 'erro_sistema', 'alto', 'Erro grave no sistema'),
	(13, 'vencimento', 'baixo', 'Validade em atenção'),
	(14, 'estoque_baixo', 'alto', 'Reposição imediata necessária'),
	(15, 'vencimento', 'medio', 'Validade próxima'),
	(16, 'erro_sistema', 'baixo', 'Evento registrado'),
	(17, 'estoque_baixo', 'medio', 'Baixa disponibilidade'),
	(18, 'vencimento', 'alto', 'Lote crítico'),
	(19, 'estoque_baixo', 'alto', 'Estoque em emergência'),
	(20, 'erro_sistema', 'medio', 'Erro em movimentação'),
	(21, 'vencimento', 'baixo', 'Atenção ao vencimento'),
	(22, 'estoque_baixo', 'medio', 'Consumo acelerado'),
	(23, 'erro_sistema', 'alto', 'Falha crítica'),
	(24, 'vencimento', 'medio', 'Validade curta'),
	(25, 'estoque_baixo', 'alto', 'Estoque muito baixo'),
	(26, 'erro_sistema', 'baixo', 'Erro mínimo'),
	(27, 'vencimento', 'alto', 'Data de validade urgente'),
	(28, 'estoque_baixo', 'medio', 'Previsão de ruptura'),
	(29, 'estoque_baixo', 'alto', 'Sem estoque em breve'),
	(30, 'vencimento', 'medio', 'Lote prestes a vencer');
    
insert into relatorio (id_funcionario, tipo, parametros, data_inicio, data_fim) values  
	(1, 'Movimentação', 'Últimos 30 dias', '2024-01-01', '2024-01-30'),
	(2, 'Consumo', 'Mensal', '2024-01-01', '2024-01-31'),
	(3, 'Distribuição', 'Região Norte', '2024-02-01', '2024-02-28'),
	(4, 'Alerta', 'Críticos', '2024-02-01', '2024-02-20'),
	(5, 'Validade', 'Lotes 2024', '2024-03-01', '2024-03-31'),
	(6, 'Estoque', 'Baixíssimo estoque', '2024-03-01', '2024-03-29'),
	(7, 'Movimentação', 'Entradas/Saídas', '2024-04-01', '2024-04-30'),
	(8, 'Distribuição', 'Agreste', '2024-04-01', '2024-04-28'),
	(9, 'Validade', 'Vencimento 60 dias', '2024-05-01', '2024-05-20'),
	(10, 'Estoque', 'Reposição', '2024-05-01', '2024-05-31'),
	(11, 'Movimentação', 'Comparação 2023/24', '2024-06-01', '2024-06-20'),
	(12, 'Distribuição', 'Zona da Mata', '2024-06-01', '2024-06-30'),
	(13, 'Consumo', 'Picos', '2024-07-01', '2024-07-20'),
	(14, 'Validade', 'Críticos', '2024-07-01', '2024-07-31'),
	(15, 'Estoque', 'Geral', '2024-08-01', '2024-08-30'),
	(16, 'Movimentação', 'Avaliação anual', '2024-08-01', '2024-08-31'),
	(17, 'Distribuição', 'Interior', '2024-09-01', '2024-09-30'),
	(18, 'Consumo', 'Safra', '2024-09-01', '2024-09-25'),
	(19, 'Validade', 'Atenção', '2024-10-01', '2024-10-10'),
	(20, 'Estoque', 'Estoque estratégico', '2024-10-01', '2024-10-31'),
	(21, 'Movimentação', 'Semanal', '2024-11-01', '2024-11-07'),
	(22, 'Distribuição', 'Comparativo regiões', '2024-11-01', '2024-11-30'),
	(23, 'Alerta', 'Todos alertas 2024', '2024-01-01', '2024-12-01'),
	(24, 'Estoque', 'Produtos críticos', '2024-12-01', '2024-12-15'),
	(25, 'Consumo', 'Resumo anual', '2024-01-01', '2024-12-31'),
	(26, 'Movimentação', 'Geral', '2024-12-01', '2024-12-29'),
	(27, 'Consumo', 'Público alvo', '2024-12-01', '2024-12-28'),
	(28, 'Distribuição', 'Geral', '2024-08-01', '2024-08-27'),
	(29, 'Alerta', 'Alto risco', '2024-09-01', '2024-09-29'),
	(30, 'Consumo', 'Plano anual', '2024-05-01', '2024-05-30');
		
insert into log_acesso (idp_usuario, acao, ip) values
	(1, 'Login efetuado', '192.168.0.1'),
	(2, 'Gerou relatório', '192.168.0.2'),
	(3, 'Atualizou estoque', '192.168.0.3'),
	(4, 'Registrou entrega', '192.168.0.4'),
	(5, 'Emitou alerta', '192.168.0.5'),
	(6, 'Visualizou dashboard', '192.168.0.6'),
	(7, 'Exportou relatório', '192.168.0.7'),
	(8, 'Fez logout', '192.168.0.8'),
	(9, 'Login efetuado', '192.168.0.9'),
	(10, 'Atualizou cadastro', '192.168.0.10'),
	(11, 'Login efetuado', '192.168.0.11'),
	(12, 'Criou relatório', '192.168.0.12'),
	(13, 'Consulta realizada', '192.168.0.13'),
	(14, 'Baixa de estoque', '192.168.0.14'),
	(15, 'Movimentação registrada', '192.168.0.15'),
	(16, 'Gerou alerta', '192.168.0.16'),
	(17, 'Login efetuado', '192.168.0.17'),
	(18, 'Exportou dados', '192.168.0.18'),
	(19, 'Atualizou senha', '192.168.0.19'),
	(20, 'Logout', '192.168.0.20'),
	(21, 'Gerou relatório', '192.168.0.21'),
	(22, 'Login efetuado', '192.168.0.22'),
	(23, 'Falha no login', '192.168.0.23'),
	(24, 'Atualizou entrega', '192.168.0.24'),
	(25, 'Consulta geral', '192.168.0.25'),
	(26, 'Login efetuado', '192.168.0.26'),
	(27, 'Exportou PDF', '192.168.0.27'),
	(28, 'Listou estoque', '192.168.0.28'),
	(29, 'Gerou gráfico', '192.168.0.29'),
	(30, 'Logout', '192.168.0.30');
    
